id	rmsd	centroid_dist	cys_sg_z	pass_7A
A0A067DE75	3.3814	4.369	-1.988	1
A0A067DT54	3.7218	3.337	5.757	1
A0A067E1K2	3.6244	1.966	5.473	1
A0A067ELB0	3.7925	3.449	2.221	1
A0A067F4I6	3.2296	3.427	1.330	1
A0A067GFT7	3.1257	4.577	-0.423	1
A0A068Q5V6	3.2537	2.330	5.603	1
A0A068Q609	2.9441	4.236	4.759	1
A0A068Q6L2	3.1519	4.012	5.421	1
A0A068Q721	3.1458	5.326	6.102	1
A0A0B4L1W8	3.2269	8.233	1.102	1
A0A0C5Q4Y6	2.7979	6.242	-1.738	1
A0A0N7F297	3.3647	3.570	6.803	1
A0A0N9HT29	3.1127	2.509	3.918	1
A0A0N9HTU1	3.1769	3.508	6.199	1
A0A0S1TP26	2.7390	3.067	0.065	1
A0A0S1TQ04	3.3447	4.618	3.903	1
A0A0S2IHL2	3.0350	2.524	-5.625	1
A0A0S2II38	3.3734	5.478	3.686	1
A0A0U2U8U5	3.1965	2.668	4.870	1
A0A0Y0GRS3	2.7595	6.580	-0.960	1
A0A125QZE2	3.2366	3.432	4.969	1
A0A140JWM8	3.3633	3.751	5.049	1
A0A159AKG3	3.1790	3.390	5.793	1
A0A161GJD5	3.2148	3.692	5.382	1
A0A165U5Z9	3.0819	4.881	5.603	1
A0A1D6F9Y9	3.4785	3.756	6.128	1
A0A1D6GQ67	3.0666	4.471	5.341	1
A0A1D6HSP4	3.3131	2.591	5.656	1
A0A1D8QMD1	3.1616	3.123	4.951	1
A0A1D8QMD2	3.2464	2.491	3.436	1
A0A1D8QMG4	2.9451	4.318	3.506	1
A0A1I9Q5Z0	3.2874	7.782	-1.308	1
A0A1Z3GBS4	2.7971	6.194	-3.795	1
A0A2H4DGV8	3.1987	2.236	2.156	1
A0A2Z5D850	3.2269	3.451	4.477	1
A0A2Z5D852	3.1695	3.589	4.064	1
A0A2Z5D854	3.2625	3.709	6.065	1
A0A3Q7HBJ5	3.3124	4.536	3.464	1
A0A3Q7HS74	3.6678	3.469	-4.852	1
A0A3Q9R4N5	3.1584	1.356	1.010	1
A0A481NR20	2.9906	2.687	-1.141	1
A0A4D6Q414	3.5604	3.801	3.003	1
A0A4D6Q415	3.3568	3.081	5.327	1
A0A5B8NBK9	3.2958	3.474	-1.815	1
A0A5B8ND22	3.4872	3.448	4.710	1
A0A5B8NEF2	3.2145	2.498	-0.300	1
A0A7T9QPT0	3.7964	3.931	2.577	1
A0A804M4E3	3.2822	7.685	6.296	1
A1YJE3	3.4776	3.243	4.186	1
A2WLP4	3.3277	4.296	-2.198	1
A2WS96	3.0746	5.030	0.604	1
A2Z212	4.2863	2.970	1.157	1
A3A871	3.1634	2.351	-1.589	1
A5BFI4	3.4840	8.461	1.261	1
A6YIH8	3.4038	3.347	4.028	1
A8CDR5	3.2273	3.158	5.880	1
B1NF18	3.3430	3.773	4.155	1
B1NF19	3.5815	6.162	5.318	1
B1NF20	3.3060	3.928	5.827	1
B3RFJ6	3.7184	1.921	-4.374	1
B4FVP3	3.0481	4.647	-2.027	1
B5BSX1	3.9117	2.083	-2.290	1
B5UAQ8	3.3537	5.348	2.079	1
B6SSF2	3.1111	2.742	1.942	1
B6SSW8	3.4024	5.418	-7.197	1
B6ST45	3.1922	4.177	2.786	1
B6SYA2	3.1495	4.136	6.459	1
B6U863	3.3235	3.143	-0.475	1
B8AJL3	3.2866	3.953	6.124	1
B8BJ22	3.3088	2.467	0.118	1
B9DFU2	2.4495	4.834	6.367	1
B9G934	3.5870	4.894	3.263	1
B9GBJ9	3.6121	4.954	-2.925	1
B9X287	3.2889	2.832	1.163	1
C0SJS2	3.3608	2.440	4.413	1
C0SJS3	3.3449	2.822	-1.189	1
D1MI46	3.2291	3.161	5.255	1
D2CGS0	3.4430	3.671	5.999	1
E1B2Z9	3.4506	2.532	5.656	1
E3W9C4	3.0580	4.042	-0.951	1
E9KBR8	3.2087	3.219	1.425	1
F4IK45	3.0418	9.509	0.495	1
F4JW83	3.6555	2.458	-0.521	1
F6H9N6	3.2237	3.076	-3.909	1
F8S1H3	3.1457	2.916	-3.272	1
F8S1H8	3.3174	2.992	5.432	1
G3GBK0	3.0149	1.828	-4.697	1
H1A981	3.3011	5.410	2.375	1
H1A988	3.4740	5.274	0.477	1
H2DH16	3.6895	3.862	0.983	1
H2DH17	2.9646	3.963	4.786	1
H2DH18	3.0965	4.497	5.121	1
H2DH20	3.2764	2.801	3.942	1
H2DH21	2.8288	3.116	5.119	1
H2DH22	3.3383	5.335	5.328	1
I1H7R8	3.3579	3.047	5.597	1
I1IUJ6	3.3759	3.895	-2.724	1
I1TEM1	3.3293	4.892	5.516	1
I3PFJ5	3.1820	3.921	3.356	1
I3PLR0	3.4306	6.488	4.304	1
I3PLR1	3.2558	8.783	0.143	1
I3QBP4	3.9661	3.531	-5.228	1
I3V6B7	3.3254	6.730	3.123	1
I7C6E8	3.2831	3.515	-2.889	1
I7CT85	3.3133	2.710	-6.460	1
K4CEE8	3.2473	3.837	-5.279	1
K4CI52	3.4042	3.802	4.905	1
K7NBR2	4.1196	5.444	4.039	1
L7T720	3.4617	4.543	5.271	1
L7T8H2	3.4082	4.053	5.303	1
L7X0L7	3.2321	4.338	2.850	1
L7X3S1	3.2431	5.626	5.995	1
M1AUM0	3.1056	2.370	5.175	1
M1CIZ9	3.0782	2.101	4.717	1
M1KVN4	3.1491	3.044	0.616	1
M1KXD0	3.1395	3.164	-2.881	1
O04164	3.4706	2.353	6.204	1
O22203	3.1243	3.503	2.788	1
O23066	3.2536	1.389	-5.484	1
O24312	3.0330	3.452	-0.237	1
O48786	3.0667	2.794	0.925	1
O48922	3.0945	1.992	2.850	1
O48956	3.1759	2.928	2.735	1
O48958	3.7104	5.300	2.454	1
O49340	3.5352	3.221	5.458	1
O49394	3.6355	3.332	1.082	1
O49396	3.3808	3.802	4.236	1
O64635	3.4297	1.690	1.125	1
O64636	3.2627	1.626	2.313	1
O64637	3.3232	1.956	2.238	1
O64638	3.1172	3.125	6.363	1
O64697	3.9800	2.529	-0.173	1
O64698	4.0438	3.397	-4.430	1
O64718	3.3406	2.509	4.825	1
O64899	2.8762	4.600	2.190	1
O65438	3.0963	3.363	5.652	1
O65782	3.1255	3.880	5.848	1
O65784	3.7048	2.890	6.001	1
O65785	3.3941	2.560	4.546	1
O65786	3.4935	5.444	-3.231	1
O65787	3.4534	3.520	5.942	1
O65788	3.3841	4.419	3.420	1
O65790	2.9924	1.253	1.935	1
O81117	3.3577	3.711	4.654	1
O81345	3.7663	5.535	-3.328	1
O81346	3.6612	4.694	2.018	1
O81928	3.0648	3.504	4.431	1
O81970	3.3092	2.946	6.260	1
P0DO35	3.2821	1.767	3.562	1
P0DO36	3.1651	4.177	4.436	1
P0DO40	3.3359	5.639	-1.164	1
P0DO41	3.3318	4.294	5.109	1
P24465	3.3129	3.084	5.088	1
P37114	3.0319	3.462	3.513	1
P37117	3.7395	4.112	4.252	1
P37118	3.2178	3.488	2.381	1
P48421	3.2059	2.742	2.757	1
P48522	3.0588	2.138	4.049	1
P58045	3.4252	3.827	5.708	1
P58046	3.1734	2.136	-3.204	1
P58047	3.5418	5.082	2.771	1
P58048	3.6008	2.672	0.744	1
P58049	3.6618	3.385	3.059	1
P58050	3.8756	1.905	5.402	1
P58051	3.6746	3.318	3.602	1
P92994	3.0631	3.381	3.182	1
P93149	3.2099	1.814	1.731	1
P93703	3.0855	5.810	5.948	1
P98183	3.2506	4.191	3.210	1
Q04468	3.0722	2.388	4.119	1
Q05JG2	3.4349	3.461	3.126	1
Q09J78	3.9095	3.829	4.528	1
Q0DBF4	3.6406	4.404	4.364	1
Q0DS59	3.2025	3.091	6.714	1
Q0JF01	3.1212	3.879	6.167	1
Q0JFI2	3.1631	5.074	3.781	1
Q0WQ07	3.0237	2.876	3.521	1
Q0WTF4	3.3311	2.796	-2.415	1
Q14T82	3.5772	10.357	-5.189	1
Q1PS23	3.4314	4.154	4.408	1
Q1T7C2	4.1702	1.786	4.586	1
Q2LA61	3.0484	2.865	1.093	1
Q2MJ19	3.5373	4.275	-1.663	1
Q2MJ20	3.3026	5.200	4.091	1
Q2MJ21	2.8612	3.671	0.109	1
Q2QUC5	3.2292	3.024	4.957	1
Q2QYH7	3.2181	3.425	5.466	1
Q33DX9	3.0487	3.470	0.759	1
Q33DY0	2.9962	4.218	-4.618	1
Q38Q84	3.4677	3.178	4.269	1
Q42600	3.6042	4.361	3.742	1
Q42602	3.3423	3.683	2.881	1
Q42716	3.1966	6.087	3.340	1
Q42797	3.1333	2.664	-3.814	1
Q43033	3.0354	2.772	2.145	1
Q43054	3.0550	3.552	-0.692	1
Q43067	3.0251	3.905	2.766	1
Q43135	4.2563	3.450	5.974	1
Q43240	3.0691	3.576	3.084	1
Q43246	3.7256	5.133	3.898	1
Q43250	3.0461	5.221	2.432	1
Q43255	2.8759	4.314	3.931	1
Q43257	3.1460	3.682	5.160	1
Q50EK0	3.0489	2.672	5.002	1
Q50EK1	3.0534	3.414	5.137	1
Q50EK3	3.4876	2.235	-1.968	1
Q50EK4	3.4380	3.978	5.286	1
Q50EK5	3.5478	3.335	5.531	1
Q50EK6	3.6539	3.390	6.074	1
Q50LE0	3.3494	5.990	2.545	1
Q50LH3	3.3491	4.656	3.388	1
Q50LH4	3.2849	4.511	5.066	1
Q5CCK1	3.2735	2.541	-0.324	1
Q5KQH7	3.4063	1.190	-3.617	1
Q5VRI5	3.0346	3.475	3.748	1
Q5Z5R4	3.6282	3.986	5.617	1
Q5Z5R7	3.5586	5.377	-5.994	1
Q5Z5S6	3.4008	4.127	5.624	1
Q69X58	2.8472	3.252	2.751	1
Q69XM6	3.6019	6.331	3.917	1
Q6F4F5	3.2699	6.642	0.418	1
Q6J540	4.1482	3.974	-5.721	1
Q6NKZ8	3.3675	4.910	2.362	1
Q6WKY9	3.2095	4.649	4.218	1
Q6WKZ0	3.3569	5.560	-3.260	1
Q6WKZ1	3.2929	4.057	5.246	1
Q6WNQ8	3.1134	4.345	2.774	1
Q6WNQ9	3.2649	2.305	1.735	1
Q6WNR0	2.9950	4.594	1.339	1
Q6XQ14	3.3237	4.000	5.615	1
Q6YTF1	2.9002	1.479	1.913	1
Q6YTF5	2.9417	3.835	3.443	1
Q6YV88	3.0336	4.198	5.290	1
Q6Z5I7	2.9228	3.427	3.246	1
Q6Z6D6	3.1389	5.149	3.681	1
Q7EZR4	3.5858	3.098	6.618	1
Q7G602	3.5955	4.238	3.340	1
Q7X7X4	3.2591	5.093	5.703	1
Q7XHW5	3.2771	4.419	1.658	1
Q7XU38	3.8726	9.782	4.498	1
Q7Y1V5	3.5433	4.997	5.642	1
Q8GSQ1	3.3224	2.189	4.157	1
Q8L7D5	3.7691	4.481	4.678	1
Q8LIF2	3.3836	3.856	2.802	1
Q8LM92	3.1515	3.493	3.509	1
Q8VWZ7	3.2378	2.293	1.239	1
Q93Z79	3.5651	3.874	5.780	1
Q940V4	3.7885	3.571	5.152	1
Q948Y1	3.3937	4.557	5.892	1
Q949P1	3.5187	3.239	-3.566	1
Q949U1	3.8290	3.758	-3.765	1
Q94FM7	3.2649	3.226	5.628	1
Q94IA6	3.2370	6.671	-0.391	1
Q94IP1	3.2320	3.039	5.130	1
Q96423	3.0437	3.506	-0.520	1
Q96514	3.4787	2.938	4.698	1
Q9AR74	3.1525	2.939	0.708	1
Q9ASR3	3.2029	1.879	7.662	1
Q9CA60	3.1611	3.218	4.883	1
Q9CA61	3.2593	3.500	4.852	1
Q9CAD6	3.2655	1.768	7.372	1
Q9FF18	3.2384	5.011	5.285	1
Q9FG65	3.0236	3.550	-3.849	1
Q9FH66	3.1390	3.759	-2.055	1
Q9FH67	3.0522	2.618	3.681	1
Q9FH76	3.3645	4.234	-1.721	1
Q9FI39	3.3953	3.653	0.284	1
Q9FIB0	3.1086	4.433	-3.246	1
Q9FLC8	3.8378	2.259	0.703	1
Q9FUY7	3.7593	4.237	-4.274	1
Q9FXW4	2.8290	2.614	5.599	1
Q9LHA1	3.0370	3.309	0.112	1
Q9LIP3	3.3025	2.566	2.089	1
Q9LIP4	3.4042	2.321	1.754	1
Q9LIP5	3.2452	1.913	2.000	1
Q9LIP6	3.2722	2.445	1.513	1
Q9LJK2	3.6451	3.152	3.347	1
Q9LJY5	3.3567	2.859	1.110	1
Q9LJY7	3.2672	4.879	-7.103	1
Q9LMM1	3.2436	0.571	-2.887	1
Q9LMX7	3.1242	4.350	4.812	1
Q9LSF8	3.2440	2.804	1.655	1
Q9LTL0	3.3078	2.292	0.919	1
Q9LTL2	3.4926	2.916	2.369	1
Q9LTL8	3.4183	2.386	3.593	1
Q9LTM0	3.4726	2.665	5.614	1
Q9LTM1	3.7704	2.157	5.234	1
Q9LTM2	3.7833	2.595	6.126	1
Q9LTM3	3.5216	2.687	0.531	1
Q9LTM4	3.5391	2.355	0.394	1
Q9LTM6	3.4850	2.455	5.077	1
Q9LTM7	3.6505	3.192	3.695	1
Q9LUC5	2.9773	3.556	5.595	1
Q9LUC6	3.0706	4.040	4.487	1
Q9LUC8	3.1773	2.563	-2.011	1
Q9LUC9	2.9128	5.862	3.073	1
Q9LVD2	3.3144	1.919	-2.251	1
Q9LVD6	2.8920	3.135	5.184	1
Q9LVY7	3.4928	3.488	0.508	1
Q9LXM3	3.7170	2.432	5.662	1
Q9LZ31	3.2937	3.591	5.383	1
Q9M066	3.4497	3.481	6.061	1
Q9M7B7	3.9375	6.490	-3.853	1
Q9SAA9	3.3721	4.831	-4.031	1
Q9SAB6	3.3654	2.085	0.750	1
Q9SAE3	3.6015	3.276	4.442	1
Q9SAE4	3.5895	2.925	3.637	1
Q9SBQ9	3.2365	3.950	4.080	1
Q9SCN2	3.6362	2.776	-0.291	1
Q9SD85	3.1698	3.890	6.170	1
Q9SHG5	2.9505	1.973	-3.647	1
Q9SLP1	3.4283	4.635	3.344	1
Q9SMP5	3.6304	3.049	0.797	1
Q9SRQ1	3.8017	4.504	1.008	1
Q9STK7	3.1834	2.865	-0.267	1
Q9STK8	3.1264	4.158	2.047	1
Q9STK9	3.5301	2.751	4.672	1
Q9STL0	3.1214	3.645	5.286	1
Q9STL1	3.3285	2.981	5.280	1
Q9STL2	3.2115	3.267	5.007	1
Q9SXS3	2.9635	4.015	2.864	1
Q9SZ46	3.5386	2.120	3.571	1
Q9SZU1	2.8895	2.350	1.843	1
Q9T093	3.2396	3.356	5.453	1
Q9T0K0	3.8458	3.300	5.874	1
Q9T0K2	3.3444	3.714	5.155	1
Q9XGT9	3.0666	2.324	-2.177	1
Q9XHC6	3.0182	4.420	2.828	1
Q9XHE6	3.3265	2.761	-1.384	1
Q9XHE7	3.2433	5.972	-1.179	1
Q9ZNR0	3.3693	3.552	6.803	1
Q9ZU07	3.4287	3.128	3.693	1
Q9ZV28	3.5153	2.717	4.452	1
Q9ZV29	3.9484	2.712	4.062	1
Q9ZW95	3.0240	1.977	-2.409	1
S4UX02	2.8901	2.477	4.788	1
U5HKE8	3.2664	3.256	4.029	1
W0FKI0	3.3419	1.508	1.731	1
W8JDE2	3.4111	6.575	-0.136	1
X2EW55	3.1333	4.041	5.648	1
X2JE85	3.2337	3.302	4.389	1
